"ASC_ID","CHRG_CODE","CHRG_STMNT_TEXT","SCTN_NAME"
"218","LIST INGRE-218","The article is subject to refusal of admission pursuant to Section 801(a)(3) of the FD&C Act in that it appears to be misbranded within the meaning of Section 403(i)(2) of the FD&C Act in that it is fabricated from two or more ingredients and the label fails to bear the common or usual name of each such ingredient and/or the article purports to be a beverage containing vegetable or fruit juice, but does not bear a statement with appropriate prominence on the information panel of the total percentage of such fruit or vegetable juice contained in the food.","403(i)(2), 801(a)(3); MISBRANDING"
"223","FALSE-223","The labeling for this article appears to be false or misleading","502(a), 801(a)(3); MISBRANDING"
"226","DEVICE GMP-226","The methods, facilities, or controls used for the article's manufacture, packing, storage. or installation do not conform with applicable requirements under section 520(f)(1) or a condition prescribed by an order under section 520(f)(2).","501(h), 801(a)(3); ADULTERATION"
"231","LENS CERT-231","The lenses are declared by accompanying certificate to meet the requirements for impact-resistant lenses in 21 CFR 801.410 but does not appear to be impact-resistant.","502(a), 801(a)(3); MISBRANDING"
"235","NOT IMPACT-235","The article appears to not have impact-resistant lenses in accordance with 21 CFR 801.410.","501(c), 801(a)(3); ADULTERATION"
"237","NO PMA-237","The article is subject to refusal of admission pursuant to Section 801(a)(3) in that the device appears to be a Class III device and does not appear to have in effect an approved application for premarket approval pursuant to Section 515 of the Act, or an exemption pursuant to Section 520(g)(1).","501(f)(1)(B), 801(a)(3); ADULTERATION"
"238","UNSAFE ADD-238","The article is subject to refusal of admission pursuant to Section 801(a)(3) in that it appears to bear or contain an unsafe food additive within the meaning of section 409.","402(a)(2)(C)(i), 801(a)(3); ADULTERATION"
"241","PESTICIDE-241","The article is subject to refusal of admission pursuant to Section 801(a)(3) in that it appears to bear or contain a pesticide chemical residue, which causes the article to be adulterated within the meaning of section 402(a)(2)(B) of the FD&C Act. Bears or contains:","402(a)(2)(B), 801(a)(3); ADULTERATION"
"245","EXCESS SUL-245","The article appears to contain excessive sulfites, a poisonous and deleterious substance which may render it injurious to health.","402(a)(1), 801(a)(3); ADULTERATION"
"249","FILTHY-249","The article appears to consist in whole or in part of a filthy, putrid, or decomposed substance or be otherwise unfit for food.","402(a)(3), 801(a)(3); ADULTERATION"
"251","POISONOUS-251","The article is subject to refusal of admission pursuant to Section 801(a)(3)in that it appears to bear or contain a poisonous or deleterious substance which may render the article injurious to health. Contains","402(a)(1), 801(a)(3); ADULTERATION"
"254","STD QUALIT-254","The article is subject to refusal of admission pursuant to Section 801(a)(3) of the FD&C Act in that it appears to be misbranded within the meaning of Section 403(h)(1) of the FD&C Act in that the article purports to be or is represented as a food for which a standard of quality has been prescribed by regulation as provided by Section 401 of the FD&C Act, and its quality falls below such standard and its label does not bear a statement that it falls below such standard in such manner and form as such regulations specify.
","403(h)(1), 801(a)(3); MISBRANDING"
"258","FLAVR LBLG-258","The article appears to contain an artificial flavoring and it fails to bear labeling stating that fact.","403(k), 801(a)(3); MISBRANDING"
"260","FALSE-260","The article is subject to refusal of admission pursuant to Section 801(a)(3) of the FD&C Act in that it appears to be misbranded within the meaning of Section 403(a)(1 ) of the FD&C Act in that the labeling is false or misleading in any particular.","403(a)(1), 801(a)(3); MISBRANDING"
"262","DIETARY-262","The article purports to be or is represented for special dietary uses and its label does not appear to bear the nutritional information required by regulation.","403(j), 801(a)(3); MISBRANDING"
"265","SUBSTITUTE-265","It appears that a substance has been substituted wholly or in part for one or more of the article's ingredients.","402(b)(2), 801(a)(3); ADULTERATION"
"268","CONCEALED-268","It appears to be food which has damage or inferiority concealed in any manner.","402(b)(3), 801(a)(3); ADULTERATION"
"274","COLOR LBLG-274","The article appears to contain an artificial coloring and it fails to bear labeling stating that fact.","403(k), 801(a)(3); MISBRANDING"
"276","PRESRV LBL-276","The article appears to contain a chemical preservative and it fails to bear labeling stating that fact including its function.","403(k), 801(a)(3); MISBRANDING"
"278","NO TAG-278","It appears that the article does not have affixed to it a certification in the form of a label or tag in conformity with section 534(h).","536(a),(b); NOT CERTIFIED"
"280","UNSAFE SUB-280","The article appears to bear or contain a substance which is unsafe within the meaning of Section 406.","402(a)(2)(A), 801(a)(3); ADULTERATION"
"281","BACTERIA-281","The article appears to contain a poisonous and deleterious substance which may render it injurious to health.  Contains","402(a)(1), 801(a)(3); ADULTERATION"
"283","INSULIN-283","The drug appears to purport, or represented as, being composed wholly or partly of insulin and it does not appear to be from a batch with respect to which a certificate or release has been issued pursuant to section 506.REPEALED 11/97","502(k), 801(a)(3); MISBRANDING"
"286","POISON PKG-286","The article appears to be a drug and its packaging and labeling  is in violation of an applicable regulation issued pursuant to section 3 or 4 of the Poison Prevention Packaging Act of 1970.","502(p), 801(a)(3); MISBRANDING"
"288","STD LABEL-288","The article appears to not bear labeling prescribed by the performance standard established under section 514.","502(s), 801(a)(3); MISBRANDING"
"289","RECORDS-289","The article appears to be a device and the requirements under 518 or to furnish any material or information required by or under section 519 respecting a device were not met.","502(t), 801(a)(3); MISBRANDING"
"290","DE IMP GMP-290","The methods used in, or the facilities or controls used for the manufacture, packing, storage or installation do not conform to the requirements under section 520(f).","801(a)(1); NON CONFORMING MANUFACTURING PRACTICES"
"292","SUBSTITUTE-292","It appears to be a drug that a substance has been substituted wholly or in part.","501(d)(2), 801(a)(3); ADULTERATION"
"293","SHIGELLA-293","The article appears to contain Shigella, a poisonous and deleterious substance which may render it injurious to health.","402(a)(1), 801(a)(3); ADULTERATION"
"295","LISTERIA-295","The article is subject to refusal of admission pursuant to 801(a)(3), in that the article appears to contain Listeria monocytogenes, a poisonous and deleterious substance, which may render it injurious to health.","402(a)(1), 801(a)(3); ADULTERATION"
"297","AFLATOXIN-297","The article appears to contain a mycotoxin, a poisonous and deleterious substance which may render it injurious to health.","402(a)(1), 801(a)(3); ADULTERATION"
"3580","TP VIOL911-3580","The article is subject to refusal of admission pursuant to section 801(a)(3) of the Act in that it appears to be a tobacco product in violation of section 911 of the Act.","902(8); 801(a)(3), Adulteration"
"3661","INADQ PAST-3661","The article is subject to refusal of admission pursuant to section 801 (a)(1) in that it appears to have been manufactured or processed under insanitary conditions which may result in unpasteurized or inadequately pasteurized product.","402(a)(4), 801(a)(3); ADULTERATION"
"3600","REFUSE EI-3600","The article is subject to refusal of admission pursuant to Section 801(a)(1) in that the article appears to have been manufactured, processed, or packed under insanitary conditions.","801(a)(1); INSANITARY MANUFACTURING, PROCESSING OR PACKING"
"3741","FRNMFGREG-3741","The article is subject to refusal of admission pursuant to section 801(o) in that it is being imported or offered for import into the United States, and the importer, owner, or consignee of such article did not, at the time of offering the article for import, submit to the Secretary a statement that identifies the registration under section 510(i) of the Act of each establishment that with respect to such article is required under such section to register with the Secretary.","510(i); 801(o)"
"3641","CHOKE HZRD-3641","The article is subject to refusal of admission pursuant to section 801(a)(3) in that it appears to be unfit for food, because it contains a foreign object which may pose a choking hazard.","402(a)(3), 801(a)(3); ADULTERATION"
"3761","FILTH-3761","The article is subject to refusal of admission pursuant to section 801(a)(3) of the FFD&CA in that the article contains potentially hazardous, or otherwise objectionable in light of intended use, microbial adulteration and therefore consists in part of a filthy substance","501(a)(1)Adulteration"
"2060","AGRINSULIN-2060","The article appears to be composed wholly or partly of insulin manufactured in the US and offered for import by other than the manufacturer and reimportation does not appear to have been authorized by the Secretary for a medical emergency","801(d)(1),(2);IMPORTATION RESTRICTED"
"2080","COUMARIN-2080","The article appears to bear or contain Coumarin, a poisonous or deleterious substance, which may render it injurious to health.","402(a)(1), 801(a)(3), Adulteration"
"2100","POISONOUS-2100","listeria (test^ ddd","402(A)(3)"
"2120","UNSFDIETSP-2120","The article appears to be a dietary supplement or ingredient for which there is inadequate information to provide reasonable assurance that such ingredient does not present a significant or unreasonable risk of illness or injury.","402(f)(1)(B), 801(a)(3)  Adulteration"
"2140","-2140","","%402(a)(1)%"
"2160","LACK NOTIF-2160","Adulterated, 801(a)(3), lack of documentation establishing that the infant formula meets all notification conditions required by 412(c) or 412(d), Prohibited Act, Section 301(s).","301(s)"
"2161","-2161","","301(s)"
"2162","-2162","","333333"
"2180","-2180","","402(a)"
"2200","DIET INGRE-2200","The article is subject to refusal of admission pursuant to Section 801(a)(3) in that it appears to be for use as an ingredient in a dietary supplement and appears to be or may be otherwise unfit for food.","402(a)(3), 801(a)(3); Adulteration"
"2201","BSE FILTH-2201","The article is subject to refusal of admission pursuant to Section 801(a)(3) in that it appears to be unfit for food.","402(a)(3), 801(a)(3); Adulteration"
"2202","INSAN BSE-2202","The article is subject to refusal of admission pursuant to Section 801(a)(3) in that it appears to have been prepared, packed or held under insanitary conditions whereby it may have been rendered injurious to health.","402(a)(4), 801(a)(3); Adulteration"
"2220","INGRED FIL-2220","The article appears to be an ingredient in a dietary supplement and may have been prepared packed or held under insanitary conditions whereby it may have become contaminated with filth or rendered injurious to health.","402(a)(4), 801(a)(3); Adulteration"
"2240","COSMETIC-2240","The article is subject to refusal of admission pursuant Section 801(a)(3) in that The article appears to be an ingredient in a cosmetic product and may have been prepared packed or held under insanitary conditions whereby it may have become contaminated with filth or rendered injurious to health. [Adulteration, Section 601(c)].","601(c), 801(a)(3); Adulteration"
"2260","-2260","","%402%"
"2261","-2261","","%501%"
"2262","-2262","","%321%"
"2263","-2263","","%402(a)%"
"2264","-2264","","%402%"
"2280","DIRSEXMPT-2280","The article is subject to refusal of admission pursuant to Section 801(a)(3) in that it appears to be a drug within the meaning of Section 201(g) and it lacks adequate directions for use.","502(f)(1), 801(a)(3); MISBRANDING"
"2300","DIETARYLBL-2300","The article is subject to refusal of admission pursuant to Section 801(a)(3) of the FD&C Act in that it is a dietary supplement that appears to be misbranded within the meaning of Section 403(s)(2)(B) of the FD&C Act in that the label or labeling fails to identify the product by using the term  ?dietary supplement,? which term  may be modified with the name of such an ingredient.","403(s)(2)(B), 801(a)(3), misbranded"
"2340","-2340","The article appears to bear or contain dioxins and/or PCB compounds, poisonous or deleterious substances and/or unapproved food additives which may render it injurious to health.","402(a)(1), 402(a)(2)(A), 402(a)(2)(A);801(a)(3)-ADULTERATION"
"2341","DIOXIN-2341","The article appears to bear or contain dioxins and/or PCB compounds, poisonous or deleterious substances and/or unapproved food additives which may render it injurious to health.","402(a)(1),402(a)(2)(A),402(a)(2)(C)(i),801(a)(3)-Adulterated"
"2360","HISTAMINE-2360","The article appears to bear or contain histamine, a poisonous and deleterious substance in such quantity as ordinarily renders it injurious to health.","402(a)(1), 801(a)(3); Adulteration"
"2380","NO PMA/PDP-2380","The article appears to be a class III dev.w/o an approved applic. for premarket approval, and/or a notice of completion of product development protocol filed per section 515(b) or exempt per sect.520(g)(1).","501(f)(1)(A); 801(a)(3); ADULTERATION"
"2400","COLOR-2400","","601%"
"2420","RADIONUC-2420","Article appears to contain the radionuclide, Cesium-137, a poisonous and deleterious substance which may render it injurious to health.","402(a)(1); 801(a)(3); Adulteration"
"2440","-2440","","*501*"
"2460","UNSFDIETLB-2460","The article appears to be a dietary supplement or contain a dietary ingredient that presents a significant or unreasonable risk of illness or injury under the conditions of use set out in the labeling or, if none are set out in the labeling, under customary conditions of use.","402(f)(1)(A), 801(a)(3) Adulteration"
"2461","UNSFDIETUS-2461","The article is subject to refusal of admission pursuant to Section 801(a)(3) in that it appears to be a dietary supplement or contain a dietary ingredient that renders it adulterated under section 402(a)(1) under the conditions of use recommended or suggested in the labeling of such dietary supplement.","402(f)(1)(D), 801(a)(3) Adulteration"
"2480","RXPERSONAL-2480","The article appears to be a device which requires a prescription from your doctor.","502(a), 502(f)(1), 801(a)(3), MISBRANDING"
"2540","-2540","","402%"
"2580","MFRHACCP-2580","The product appears to have been prepared, packed, or held under insanitary conditions, or it may be injurious to health, due to failure of the foreign processor to comply with 21 CFR 123.","402(a)(4), 801(a)(3)"
"2640","CYCLAMATE-2640","The article appears to bear or contain cyclamate, an unsafe food additive within the meaning of Section 409","402(a)(2)(C); 801(a)(3)"
"2660","-2660","","403%"
"2680","SACCHARLBL-2680","The article contains Saccharin, a non-nutritive sweetener, and its label or labeling fails to list it as an added ingredient","403(i); 803(a)(3) Misbranding"
"2720","DULCIN-2720","The article appears to bear or contain dulcin, an unsafe food additive within the meaning of Section 409","402(a)(2)(C); 801(a)(3)"
"2740","DR QUALITY-2740","","501b"
"2760","-2760","","402(a)(3)%"
"2780","DEVICEGMPS-2780","The methods, facilities, or controls used for the article's manufacture, packing, storage, or installation do not conform with applicable requirements under section 520(f)(1) or a condition prescribed by an order under section 520(f)(2).","501(h), 801(a)(1); ADULTERATION"
"2800","POSS N/STR-2800","The article appears to consist in whole or in part of any filthy, putrid, or decomposed substance, namely, potentially infectious organisms","501(a)(1); 801(a)(3) ADULTERATION"
"2820","CALIBRATED-2820","The article is subject to refusal in that it is calibrated in units not commonly used in the United States","502(f)(1); 801(a)(3), misbranding"
"2840","BSE DRUGS-2840","The article is subject to refusal of admission pursuant to Section 801(a)(1) in that it appears to have been prepared, packed or held under insanitary conditions whereby it may have been rendered injurious to health.","501(a)(2)(A), 801(a)(1); Adulteration"
"2860","VETDRUGRES-2860","The article is subject to refusal of admission pursuant to Section 801(a)(3) in that it appears to contain a new animal drug (or conversion product thereof) that is unsafe within the meaning of Section 512. Product contains","402(a)(2)(C)(ii); 801(a)(3); ADULTERATION"
"2880","RXCOMPOUND-2880","the labeling fails to bear, at a minimum, the symbol 'Rx only.'","503(b)(4)(A) & 502(c), 801(a)(3); MISBRANDING"
"2900","CHLORAMP-2900","The article appears to contain a food additive, namely chloramphenicol, that is unsafe within the meaning of 21 U.S.C. 348.","402(a)(2)(C)(i), 801(a)(3); ADULTERATION"
"2920","PESTICIDES-2920","The article is subject to refusal of admission pursuant to section 801(a)(3) in that it appears to be adulterated because it contains a pesticide chemical, which is in violation of section 402(a)(2)(B). Contains:","402(a)(2)(B), 802(a)(B); ADULTERATION"
"2940","COSM MISB-2940","The cosmetic's labeling appears to be false or misleading within the meaning of Section 201(n).","602(a) & 801(a)(3); MISBRANDING"
"2960","FALSECAT-2960","The article is subject to refusal of admission pursuant to section 801(a)(3) in that it appears to be misbranded because it purports to be or is represented as catfish but is not a fish classified within the family Ictaluridae.","403(t), 801(a)(3)"
"2980","BIO TOXIN-2980","","801"
"2981","BIO TOXIN-2981","The article is subject to refusal of admission pursuant to Section 801(a)(3) in that it appears to contain a poisonous and deleterious substance which would ordinarily render it injurious to health.  Appears to contain","402(a)(1), 801(a)(3), Adulteration"
"3000","N-RX INACT-3000","The article appears to be a nonprescription drug and fails to bear the established name of each inactive ingredient in alphabetical order on the outside container of the retail package.","502(e)(1); 801(a)(3); Misbranding"
"3020","STARANISE-3020","The article appears to bear or contain a food additive, Japanese star anise, that is unsafe within the meaning of section 409.","402(a)(2)(C)(i), 801(a)(3), Adulteration"
"3040","HEPATITISA-3040","The article appears to contain Hepatitis A Virus, a poisonous or deleterious substance which may  render it injurious to health.","Section 801(a)(3), 402(a)(1); ADULTERATION"
"3060","POIS CHLOR-3060","The article appears to contain a poisonous or deleterious substance, namely chloramphenicol, which may render it injurious to health.","402(a)(1), 801(a)(3); ADULTERATION"
"3080","DEVNOEXPT-3080","","501(i), 801(a)(3)"
"3081","INVDEVICE-3081","The article is subject to refusal of admission pursuant to Section 801(a)(3) in that it appears to be a device for investigational use for which no exemption has been granted as prescribed by Section 520(g)","501(i), 801(a)(3); ADULTERATION"
"3100","ANDRO-3100","The article is subject to refusal of admission pursuant to section 801(a)(3) in that it appears to declare and/or contain androstenedione, a new dietary ingredient for which there is inadequate information to provide reasonable assurance that such ingredient does not present a significant or unreasonable risk of illness or injury.","402(f)(1)(B),801(a)(3);ADULTERATION"
"3120","EPHEDALK-3120","The product is subject to refusal of admission pursuant to Section 801(a)(3) in that it is a dietary supplement or a dietary ingredient that appears to contain ephedrine alkaloids, which presents an unreasonable risk of illness or injury under the conditions of use recommended or suggested in the labeling, or if no conditions of use are suggested in the labeling, under ordinary conditions of use.","801(a)3), 402(f)(1); ADULTERATION"
"3140","SBGINSENG-3140","The article is subject to refusal of admission in that it appears to be Misbranded because it or its ingredients purport to be or are represented as Ginseng, but are not an herb or herbal ingredient derived from a plant classified within the genus Panax.","801(a)(3); 403(u)  Misbranding"
"3160","NONRSP-VER-3160","The article appears to have been prepared or packed under insanitary conditions whereby it may have been
rendered injurious to health due to inadequate processing in that the scheduled process filed by the
manufacturer for this thermally processed low acid food packaged in a hermetically sealed container pursuant
to 21 CFR 108.35 (c)(2) appears to be inadequate to protect the public health.","402(a)(4), 801(a)(3); ADULTERATION"
"3161","NONRSP-PRC-3161","The article appears to have been prepared or packed under insanitary conditions whereby it may have been rendered injurious to health due to inadequate processing in that the scheduled process filed by the manufacturer pursuant to 21 CFR 108.35(c)(2) appears to be inadequate to protect the public health.","402(a)(4), 801(a)(3); ADULTERATION"
"3340","DE/RX KIT-3340","The article appears to be a combination medical device/prescription drug kit for which the prescription drug component was manufactured in the U.S., is offered for import by other than the manufacturer, and reimportation does not appear to have been authorized by the Secretary for use in a medical emergency.","801(d)(1),(2); IMPORTATION RESTRICTED"
"3361","NUTR DEF-3361","the infant formula appears to adulterated in that it does not provide the nutrients required by 21 CFR 107.100","412(a)(1), 801(a)(3); Adulterated"
"3362","NUTR UNIT-3362"," The article is subject to refusal of admission pursuant to Section 801(a)(3) in that the infant formula appears to be misbranded within the meaning of Section 403 in that the labeling fails to use the proper units to declare the nutrients as specified in 21 CFR 107.10.","403(f), 801(a)(3); MISBRANDED"
"3400","PB-FOOD-3400","The article is subject to refusal of admission pursuant to Section 801(a)(3) in that it appears to contain a poisonous or deleterious substance, lead,  which may render it injurious to health.","402(a)(1); 801(a)(3); Adulteration"
"3220","NITROFURAN-3220","The article is subject to refusal of admission in that it appears to bear or contain a food additive, namely nitrofurans, that is unsafe.","402(a)(2)(C)(i), 801(a)(3); Adulteration"
"3500","RXLABEL-3500","The labeling fails to bear, at a minimum, the symbol 'RX Only'.","503(b)(4)(A), 801(a)(3); MISBRANDING"
"3480","E COLI 157-3480","The article appears to contain E. coli O157:H7 (EHEC), a poisonous and deleterious substance which may render it injurious to health.","402(a)(1), 801(a)(3); ADULTERATION"
"3200","COSM MISB2-3200","The article is subject to refusal of admission pursuant to Section 801(a)(3) in that it appears that its labeling is false or misleading in any particular.","602(a) & 801(a)(3); MISBRANDING"
"3240","NOCONTCODE-3240","The low acid or acidified food appears to have been prepared, packed, or held under insanitary conditions, or it may be injurious to health, due to failure to mark with a permanent container code pursuant to 21 CFR 113.60(c) or 114.80(b).","402(a)(4), 801(a)(3); ADULTERATION"
"3380","EXPIRED-3380","the product strength differs from, or its purity or quality falls below, that which it purports or is represented to possess in that it is past its labeled expiration date.","501(c); 801(a)(3) Adulteration"
"3300","ALLERGEN-3300","the label fails to declare all major food allergens present in the product, as required by section 403(w)(1).","403(w) 801(a)(3); Misbranding"
"3420","MELAMINE-3420","The article appears to bear or contain a food additive, namely melamine and/or a melamine analog, that is unsafe within the meaning of Section 409 [Adulteration, Section 402(a)(2)(C)(i)]","402(a)(1), 801(a)(3), Adulteration"
"3421","MELAMINE-3421","The article appears to bear or contain a food additive, namely melamine and/or a melamine analog, that is unsafe within the meaning of section 409.","402(a)(2)(C)(i), 801(a)(3); ADULTERATION"
"3422","UNFIT4FOOD-3422","The article is subject to refusal of admission pursuant to section 801(a)(3) in that it appears to be unfit for food.","402(a)(3), 801(a)(3); ADULTERATION"
"3440","MELAMINE-3440","The article is subject to refusal of admission in that it appears to bear or contain a food additive, namely melamine and/or a melamine analog, that is unsafe within the meaning of section 409.","402(a)(2)(C)(i), 801(a)(3); ADULTERATION"
"3520","TP FLAVOR-3520","The article is subject ot refusal of admission pursuant to section 801(a)(3) of the Act in that it purports to be or is represented as, a tobacco product which is subject to a tobacco product standard established under section 907, and the article (or its components) appears to contain, as a constituent or additive, an artificial or natural flavor or an herb or spice, that is a characterizing flavor of the tobacco product or tobacco smoke.","902(a)(5), 927(a)(1)(A), 801(a)(3); ADULTERATION"
"3540","NO EXP DAT-3540","The article appears to be a dietary supplement and lacks an expiration date and it has been prepared, packed, or held under conditions that do not meet current good manufacturing practices. regulations, including regulations requiring, when necessary, expiration date labeling.","402(g), 801(a)(3); ADULTERATION"
"3460","VIBRIO-3460","The article appears to contain Vibrio Cholerae, a poisonous and deleterious substance which may render it injurious to health.","402(a)(1), 801(a)(3); ADULTERATION"
"3560","SUPPL GMP-3560","The article appears to be a dietary supplement and it has been prepared, packed, or held under conditions that do not meet current good manufacturing practice regulations.","402(g)(1),  Adulteration, 801(a)(3), Adulteration"
"3260","NO ENGLISH-3260","Required label or labeling appears to not be in English in violation of 21 C.F.R. 801.15(c)(1)","502(c); 801(a)(3);Misbranding"
"3320","TRANSFAT-3320","The product is misbranded under Section 403(q) because the nutrition label does not provide all of the information required by 21 CFR 101.9(c); specifically, the label does not bear the amount of trans fat [21 CFR 101.9(c)(2)(ii)].","403(q), 801(a)(3) ;MISBRANDING"
"3180","PATULIN-3180","The article appears to contain patulin, a poisonous and deleterious substance which may render it injurious to health.","402(a)(1), 801(a)(3); ADULTERATION"
"3280","FRNMFGREG-3280","The article is subject to refusal of admission pursuant to section 801(a)(3) in that it appears to be misbranded as defined in section 502(o) of the FD&CA. It appears that it was manufactured, prepared, propagated, compounded, or processed in an establishment not duly registered under section 510 of the Act.","502(o), 801(a)(3); MISBRANDING"
"9","SALMONELLA-9","The article appears to contain Salmonella, a poisonous and deleterious substance which may render it injurious to health.","402(a)(1), 801(a)(3); ADULTERATION"
"11","UNSAFE COL-11","The article appears to be, or to bear or contain a color additive which is unsafe within the meaning of Section 721(a).","402(c), 801(a)(3); ADULTERATION"
"16","DIRECTIONS-16","The article appears to lack adequate directions for use.","502(f)(1), 801(a)(3); MISBRANDING"
"27","DRUG GMPS-27","It appears that the methods used in, or the facilities or controls used for, manufacture, processing, packing, or holding do not conform to or are not operated or administered in conformity with current good manufacturing practices.","501(a)(2)(B), 801(a)(3); ADULTERATION"
"47","NON STD-47","It appears that the article fails to comply with applicable standards prescribed under section 534.","536(a),(b); NON STANDARD"
"48","NEEDS ACID-48","The food appears to have been prepared, packed, or held under insanitary conditions, or it may have been rendered injurious to health due to inadequate acidification.","402(a)(4), 801(a)(3); ADULTERATION"
"55","OMITTED-55","It appears that a valuable constituent of the article has been in whole or in part omitted or abstraced from the article.","402(b)(1), 801(a)(3); ADULTERATION"
"62","NEEDS FCE-62","It appears the manufacturer is not registered as a low acid canned food or acidified food manufacturer pursuant to 21 CFR 108.25(c)(1) or 108.35(c)(1).","402(a)(4), 801(a)(3); ADULTERATION"
"64","YELLOW #5-64","The food appears to bear or contain the color additive FD & C Yellow No. 5, which is not declared on the label per 21 CFR 74.705(a)(c) under section 721.","402(c), 403(m), 801(a)(3); ADULTERATION, MISBRANDING"
"72","NEW VET DR-72","The article is subject to refusal of admission pursuant to Section 801(a)(3) of the Federal Food, Drug, and Cosmetic Act in that it appears to be a new animal drug that is unsafe within the meaning of Section 512(a) of the Federal Food, Drug, and Cosmetic Act as it is not the subject of an approved new animal drug application, conditionally approved new animal drug application, or index listing, and no investigational new animal drug exemption applies.","501(a)(5), 801(a)(3); ADULTERATION"
"73","DRUG COLOR-73","The article appears to be a color additive the intended use of which is for the purpose of coloring only, and its packaging and labeling do not conform to regulations issued under section 721.","502(m), 801(a)(3); MISBRANDING"
"74","GINSENG-74","The article appears to bear or contain 'Ginseng', a food additive which is unsafe within the meaning of Section 409.","402(a)(2)(C), 801(a)(3); ADULTERATION"
"75","UNAPPROVED-75","The article appears to be a new drug without an approved new drug application.","505(a), 801(a)(3); UNAPPROVED NEW DRUG"
"78","STERILITY-78","The article appears to have been prepared, packed or held under insanitary conditions whereby it may have been contaminated with filth, or whereby it may have been rendered injurious to health.","501(a)(2)(A), 801(a)(3); ADULTERATION"
"82","RX LEGEND-82","The article appears to be a prescription drug without a prescription drug legend as required by Section 503(b)(4).","502(a) & (f)(1), 801(a)(3); MISBRANDING"
"83","NO PROCESS-83","The article is subject to refusal of admission pursuant to Section 801(a)(3) in that the manufacturer's failure 
to file a scheduled process demonstrates that the product is not being manufactured under the mandatory 
provisions of 21 CFR Part 108 and therefore appears to have been manufactured, processed, or packed, under 
insanitary conditions whereby it may have been rendered injurious to health.","402(a)(4), 801(a)(3); ADULTERATION"
"84","RX DEVICE-84","The article appears to be a prescription device without a prescription device legend as required by 21 CFR 801.109.","502(a),(f)(1), 801(a)(3); MISBRANDING"
"115","DR QUALITY-115","The article appears to be represented as a drug the name of which is recognized in an official compendium and its strength appears to differ from or its quality or purity appear to fall below the standards set forth in such compendium.","501(b), 801(a)(3); ADULTERATION"
"117","DANGEROUS-117","The article appears to be dangerous to health when used in the dosage or manner, or with the frequency or duration, prescribed, recommended, or suggested in the labeling thereof.","502(j), 801(a)(3); MISBRANDING"
"118","NOT LISTED-118","It appears the drug or device is not included in a list required by Section 510(j), or a notice or other information respecting it was not provided as required by section 510(j) or 510(k).","502(o), 801(a)(3); MISBRANDING"
"122","ANTIBIOTIC-122","The drug appears to purport, or represented as, being composed wholly or partly of an antibiotic and it does not appear to be from a batch with respect to which a certificate or release has been issued pursuant to section 507. REPEALED11/97","502(l), 801(a)(3); MISBRANDING"
"123","BANNED-123","The article appears to be a banned device.","501(g), 801(a)(3); ADULTERATION"
"126","FAILS STD-126","The article appears to be a device which is subject to a performance standard established under Section 514 and does not appear to be in all respects in conformity with such standard.","501(e), 801(a)(3); ADULTERATION"
"152","SOAKED/WET-152","The article appears to have been prepared, packed, or held under insanitary conditions whereby it may have become contaminated with filth, or whereby it may have been rendered injurious to health in that it appears to been held in water.","402(a)(4), 801(a)(3); ADULTERATION"
"154","FLUOROCARB-154","The article appears to contain chloroflurocarbons in violation of 21 CFR 2.125.","402(a)(2)(A), 801(a)(3); ADULTERATION"
"156","NO PERMIT-156","The article of milk or cream is not accompanied by a valid import milk permit, as required by the Federal Import Milk Act (21 U.S.C. 141-149).","1, 2; PROHIBITION WITHOUT PERMIT"
"157","FOREIGN OB-157","The article appears to consist in whole or in part of a filthy, putrid, or decomposed substance, or is otherwise unfit for food in that it appears to contain foreign objects.","402(a)(3), 801(a)(3); ADULTERATION"
"160","LEAK/SWELL-160","The article appears to be held in swollen containers or contains micro leaks.","402(a)(3), 801(a)(3); ADULTERATION"
"170","CONTAM CAN-170","The article appears to be held in a container containing a poisonous or deleterious substance which may render it injurious to health.","402(a)(1), 801(a)(3); ADULTERATION"
"171","CONTAINER-171","The container appears to be composed, in whole or in part, of a poisonous or deleterious substance which  may render the contents injurious to health.","402(a)(6), 801(a)(3); ADULTERATION"
"173","IMITATION-173","The article appears to be an imitation of another food, and the label does not bear in type of uniform size and prominence, the word 'imitation' and immediately thereafter, the name of the food imitated.","403(c), 801(a)(3); MISBRANDING"
"175","ALCOHOL-175","The article appears to be a confectionary that bears or contains alcohol in excess of 1/2 of 1% by volume derived solely from the use of flavoring extracts.","402(d)(2), 801(a)(3); ADULTERATION"
"178","COL ADDED-178","The article appears to bear or contain, for the purpose of coloring only, a color additive which is unsafe within the meaning of Section 721(a).","501(a)(4)(A), 801(a)(3); ADULTERATION"
"179","AGR RX-179","The article appears to be a prescription drug manufactured in the U.S. and offered for import by other than the manufacturer and reimportation does not appear to have been authorized by the Secretary for use in a medical emergency.","801(d)(1),(2); IMPORTATION RESTRICTED"
"181","UNDER PRC-181","The article appears to have inadequate processing in having been prepared, packed, or held under insanitary conditions whereby it may have been rendered injurious to health.","402(a)(4), 801(a)(3); ADULTERATION"
"185","REDUCED-185","It appears to be a drug that a substance has been mixed or packed with so as to reduce its strength.","501(d)(1), 801(a)(3); ADULTERATION"
"186","INSANITARY-186","The article appears to have been prepared, packed or held under insanitary conditions whereby it may have been contaminated with filth, or whereby it may have been rendered injurious to health.","501(a)(2)(A), 801(a)(3); ADULTERATION"
"188","FLUOROCARB-188","The article appears to be a new animal drug containing chloroflurocarbons in violation of 21 CFR 2.125.","501(a)(5), 801(a)(3); ADULTERATION"
"189","FLUOROCARB-189","The article appears to contain chloroflurocarbons in violation of 21 CFR Part 2.125.","601(a), 801(a)(3); ADULTERATION"
"197","COSM COLOR-197","The article is subject to refusal of admission pursuant to Section 801(a)(3) in that it appears to contain a color additive which is unsafe within the meaning of Section 721(a) which renders it adulterated under Section 601(e).","601(e), 801(a)(3); ADULTERATION"
"198","COLOR LBLG-198","The color additive appears to not have its packaging and labeling in conformity with such requirements as issued under section 721.","602(e), 801(a)(3); MISBRANDING"
"199","FEED & NAD-199","The article appears to be an animal feed bearing or containing a new animal drug, and such animal feed is unsafe within the meaning of section 512.","501(a)(6), 801(a)(3); ADULTERATION"
"3621","JUICEHACCP-3621","The article is subject to refusal of admission pursuant to Section 801(a)(3) in that it appears to have been prepared, packed, or held under insanitary conditions, or it may be injurious to health, due to failure of the foreign processor to comply with 21 CFR 120  [Adulteration, 402(a)(4)]."," 801(a)(3);402(a)(4)"
"3721","PESTICIDE2-3721","The article is subject to refusal of admission pursuant to section 801(a)(3) in that it appears to be adulterated because it contains a pesticide chemical, which is in violation of section 402(a)(2)(B). Contains:","402(a)(2)(B); 801(a)(3); ADULTERATION"
"3801","FALSERXLBL-3801","The article is subject to refusal of admission pursuant section 801(a)(3) of the FD&CA in that it appears to be misbranded as defined in section 503(b)(4)(B) of the FD&C Act. The labeling falsely bears the symbol 'RX Only'.","503(b)(4)(B), 801(a)(3)"
"3681","NCONTACTS-3681","The product is a dietary supplement that is marketed in the United States and appears to not have a domestic address or domestic phone number through which the responsible person may receive a report of a serious adverse event.","403(y), 801(2)(3); Misbranding"
"3781","TPNOWRNLBL-3781","This article is subject to refusal of admission pursuant to section 801(a)(3) of the FD&C Act in that it is a tobacco product which appears to be misbranded under section 903(a)(8)(B)(i) because its package label does not include a brief statement of the relevant warnings (i.e. one of the four warnings required by section 3 of the Comprehensive Smokeless Tobacco Health Education Act.)","903(a)(8)(B)(i);801(a)(3);MISBRANDING"
"3782","TPLBLFALSE-3782","This article is subject to refusal of admission pursuant to section 801(a)(3) of the Act in that it is a smokeless tobacco product and it appears that its labeling is false or misleading because its package does not bear any of the warnings required by section 3 of the Comprehensive Smokeless Tobacco Education Act, as amended (i.e., it does not bear any of the following warnings:
'WARNING: This product can cause mouth cancer.'
'WARNING: This product can cause gum disease and tooth loss.'
'WARNING: This product is not a safe alternative to cigarettes.'
 'WARNING: Smokeless tobacco is addictive.')
","903(a)(1);801(a)(3);MISBRANDING"
"3841","AF-NONRSP-3841","The article appears to have been prepared or packed under insanitary conditions whereby it may have been
rendered injurious to health due to inadequate processing in that the scheduled process filed by the
manufacturer for this acidified food pursuant to 21 CFR 108.25 (c)(2) appears to be inadequate to protect the public health.","402(a)(4), 801(a)(3);ADULTERATION"
"3842","TP NO PMTA-3842","This article is subject to refusal of admission pursuant to section 
801(a)(3)of the Act because it is a tobacco product that appears to be adulterated under section 902(6)(A) in that it requires premarket review under section 910(a) and does not have an order in effect under section 910(c)(1)(A)(i).","801(a)(3);902(6)(A);ADULTERATION"
"3843","TP NO SE-3843","This article is subject to refusal of admission pursuant to section  801(a)(3) of the Act because it is a tobacco product which appears to be misbranded under section 903(a)(6)in that a notice or other information respecting it was not provided as required by section 905(j).","801(a)(3);903(a)(6);MISBRANDING"
"3844","SACCHARLBL-3844","The article appears to contain Saccharin, a non-nutritive sweetener, and its label or labeling fails to list it as an added ingredient.","403(i), 801(a)(3); Misbranding"
"3846","807REFUSAL-3846","The food is subject to refusal of admission pursuant to Section 807 in that the foreign factory, warehouse, or other establishment of which the owner, operator, or agent in charge, or the government of the foreign country, refuses to permit entry of United States inspectors or other individuals duly designated by the Secretary, upon request, to inspect such factory, warehouse, or other establishment.","807(b)"
"3847","FDF4APIGMP-3847","The article is subject to refusal of admission pursuant to Section 801(a)(3) in that the methods and controls used in its manufacture and control do not appear to conform to current good manufacturing practices within the meaning of Section 501(a)(2)(B). This finished dosage form drug is made using an Active Pharmaceutical Ingredient from a facility that has been found non-compliant with current Good Manufacturing Practice (see Import Alert 66-40; http://www.accessdata.fda.gov/cms_ia/importalert_189.html). You may submit testimony to provide evidence to overcome the appearance of adulteration. The API source for this finished dosage form drug is:","501(a)(2)(B), 801(a)(3); ADULTERATION"
"253","STD IDENT-253","The article is subject to refusal of admission pursuant to Section 801(a)(3) of the FD&C Act in that it appears to be misbranded within the meaning of Section 403(g)(1) of the FD&C Act in that the article purports to be or is represented as a food for which a definition and standard of identity have been prescribed by regulations as provided by section 401 of the FD&C Act and the article does not conform to such definition and standard.
","403(g)(1), 801(a)(3); MISBRANDING"
"255","STD FILL-255","The article is subject to refusal of admission pursuant to Section 801(a)(3) of the FD&C Act in that it appears to be misbranded within the meaning of Section 403(h)(2) of the FD&C Act in that the article purports to be or is represented as a food for which a standard or standards of fill of container have been prescribed by regulations as provided by Section 401 of the FD&C Act and the article falls below the applicable standard of fill and its label does not bear a statement that it falls below such standard in such manner and form as such regulations specify.","403(h)(2), 801(a)(3); MISBRANDING"
"256","INCONSPICU-256","The article is subject to refusal of admission pursuant to Section 801(a)(3) of the FD&C Act in that it appears to be misbranded within the meaning of Section 403(f) of the FD&C Act in that any word, statement, or other information required by or under the authority of the FD&C Act to appear on the label or labeling is not prominently placed thereon with such conspicuousness (as compared with other words, statements, designs, or devices, in the labeling) and in such terms as to render it likely to be read and understood by the ordinary individual under customary terms of purchase and use (for example, label contains information in two or more   languages but fails to repeat all required information in both languages in accordance with 21 CFR 101.15(c)(2), or label fails  to include all required information in English in accordance with 21 CFR 101.15(c)(1), except in the case of articles distributed solely in the Commonwealth of Puerto Rico or in a  Territory where the predominant language is one other than English)).","403(f), 801(a)(3); MISBRANDING"
"324","NO ENGLISH-324","The article is subject to refusal of admission pursuant to Section 801(a)(3) of the FD&C Act in that it appears to be misbranded within the meaning of Section 403(f) of the FD&C Act in that any word, statement, or other information required by or under the authority of the FD&C Act to appear on the label or labeling is not prominently placed thereon with such conspicuousness (as compared with other words, statements, designs, or devices, in the labeling) and in such terms as to render it likely to be read and understood by the ordinary individual under customary terms of purchase and use (for example, label contains information in two or more   languages but fails to repeat all required information in both languages in accordance with 21 CFR 101.15(c)(2), or label fails  to include all required information in English in accordance with 21 CFR 101.15(c)(1), except in the case of articles distributed solely in the Commonwealth of Puerto Rico or in a  Territory where the predominant language is one other than English)).","403(f), 801(a)(3); MISBRANDING"
"328","USUAL NAME-328","The article is subject to refusal of admission pursuant to Section 801(a)(3) of the FD&C Act in that it appears to be misbranded within the meaning of Section 403(i)(1) of the FD&C Act in that the label fails to bear the common or usual name of the food, if any there be.","403(i)(1), 801(a)(3); MISBRANDING"
"3864","NCONTACT-3864","The article is subject to refusal of admission pursuant to Section 801(a)(3) of the FD&C Act in that it is a dietary supplement that appears to be misbranded within the meaning of Section 403(y) of the FD&C Act in that the dietary supplement label fails to bear a domestic address or phone number through which the responsible person (as described in section 761 of the FD&C Act) may receive a report of a serious adverse event with such dietary supplement.","403(y), 801(a)(3); MISBRANDING"
"3848","TP NO ING-3848","This article is subject to refusal of admission pursuant to section 801(a)(3) of the FD&C Act because it is a tobacco product that appears to be misbranded under section 903(a)(10)(A) in that a list of all ingredients, including tobacco, substances, compounds, and additives that are added by the manufacturer to the tobacco, paper, filter, or part of each tobacco product by brand and by quantity in each brand and sub-brand was not submitted as required under section 904(a)(1).","903(a)(10)(A); 801(a)(3) MISBRANDING"
"3849","TP NO HPHC-3849","This article is subject to refusal of admission pursuant to section 801(a)(3) of the FD&C Act because it is a tobacco product that appears to be misbranded under section 903(a)(10)(A) in that  a listing of  constituents, including smoke constituents, identified as harmful or potentially harmful to health in each tobacco product was not submitted as required under section 904(a)(3).","903(a)(10)(A); 801(a)(3) MISBRANDING"
"3850","TPNOHLDOCS-3850","This article is subject to refusal of admission pursuant to section 801(a)(3) of the FD&C Act because it is a tobacco product that appears to be misbranded under section 903(a)(10)(A) in that documents related to health, toxicological, behavioral, or physiologic effects of current or future tobacco products, their constituents(including smoke constituents), ingredients, components, and additives were not submitted as required under section 904(a)(4).","903(a)(10)(A); 801(a)(3) MISBRANDING"
"3865","COLORLABEL-3865","The article is subject to refusal of admission pursuant to Section 801(a)(3) of the FD&C Act in that it appears to be misbranded within the meaning of Section 403(f) of the FD&C Act in that any word, statement, or other information required by or under the authority of the FD&C Act to appear on the label or labeling is not prominently placed thereon with such conspicuousness (as compared with other words, statements, designs, or devices, in the labeling) and in such terms as to render it likely to be read and understood by the ordinary individual under customary terms of purchase and use.","403(f);801(a)(3);MISBRANDING"
"71","NO LICENSE-71","The article is subject to refusal of admission under section 801(a)(3) of the Federal Food, Drug, and Cosmetic Act (FD&C Act) because it appears to be a biological product for which a biologics license is not in effect under the Public Health Service Act, Part F, Subpart 1-Biological Products, Section 351(a), and it is not the subject of an Investigational New Drug application that is in effect.  Therefore, it appears to be a new drug under 201(p) of the FD&C Act that it is in violation of section 505(a) of the FD&C Act because it lacks a new drug approval and because it is misbranded under section 502(f)(1)of the FD&C Act because it fails to bear adequate directions for use","801(a)(3), 505, 502(f)(1); UNAPPROVED, MISBRANDED & PHS ACT"
"3866","708NEWANIM-3866","The article has been determined to be a new animal drug without an approved new animal drug application.","501(a)(5), 801(a)(3); ADULTERATION"
"3867","708NORX-3867","The article  has been determined to be a a prescription drug without a prescription drug legend.","502(a) & (f)(1), 801(a)(3); MISBRANDING"
"3868","708VETLGND-3868","The article  has been determined to be a veterinary drug without the 'Caution' statement as required by Section 503(f)(4).","502(a) & (f)(1), 801(a)(3); MISBRANDING"
"3869","708LBLFIRM-3869","The article  has been determined to to not bear a label containing the name and place of business of the manufacturer, packer, or distributor.","502(b)(1), 801(a)(3); MISBRANDING"
"3870","708NOENGL-3870","Required label or labeling  has been determined to not be in English in violation of 21 C.F.R. 201.15(c)(1).","502(c); 801(a)(3) ;MISBRANDING"
"3871","708NODIREC-3871","The article  has been determined to lack adequate directions for use.","502(f)(1), 801(a)(3); MISBRANDING"
"3872","708LISTING-3872","It has been determined the drug is not included in a list required by Section 510(j).","502(o), 801(a)(3); MISBRANDING"
"3873","708NOREG-3873","It has been determined the drug was manufactured, prepared, propagated, compounded, or processed in an establishment not duly registered under section 510 of the Act.","502(o), 801(a)(3); MISBRANDING"
"3874","708NEWDRUG-3874","The article has been determined to be a new drug without an approved new drug application.","505(a), 801(a)(3); UNAPPROVED NEW DRUG"
"3875","708REIMPRT-3875","The article  has been determined to be a prescription drug manufactured in the U.S. and offered for import by other than the manufacturer and reimportation does not appear to have been authorized by the Secretary for use in a medical emergency.","801(d)(1),(2); IMPORTATION RESTRICTED"
"3876","GDUFA FEE-3876","The article is subject to refusal of admission pursuant to section 801(a)(3) in that it appears to be misbranded as defined in section 502(aa) of the Act. It appears the drug or active pharmaceutical ingredient was manufactured, prepared, propagated, compounded, or processed in a facility for which fees have not been paid as required in 21 U.S.C. Section 379j-42(a)(4), or it contains an active pharmaceutical ingredient that was manufactured, prepared, propagated, compounded, or processed in such a facility.","502(aa), 801(a)(3);MISBRANDING"
"3877","GDUFA SELF-3877","The article is subject to refusal of admission pursuant to section 801(a)(3) in that it appears to be misbranded as defined in section 502(aa) of the Act. It appears that the drug or active pharmaceutical ingredient was manufactured, prepared, propagated, compounded, or processed in a facility for which identifying information required by 21 U.S.C. Section 379j-42(f) has not been submitted, or it contains an active pharmaceutical ingredient that was manufactured, prepared, propagated, compounded, or processed in such a facility.","502(aa),801(a)(3); MISBRANDING"
"309","FORBIDDEN-309","The article is subject to refusal of admission pursuant to Section 801(a)(2) in that it appears to be forbidden or restricted in sale in the country in which it was produced or from which it was exported.","801(a)(2); FORBIDDEN OR RESTRICTED IN SALE"
"3878","POISONORD-3878","The article is subject to refusal of admission pursuant to Section 801(a)(3) in that it appears to contain a poisonous or deleterious substance which would ordinarily render the article injurious to health. Contains:","402(a)(1), 801(a)(3); ADULTERATION"
"3879","708UDECAPI-3879","The article has been determined to contain an API that is undeclared on the label or accompanying labeling.","502(a), 801(a)(3); MISBRANDING"
"3880","708FALSE-3880","The labeling for this article is determined to be false or misleading","502(a), 801(a)(3); MISBRANDING"
"3862","DIETARYING-3862","The article is subject to refusal of admission pursuant to Section 801(a)(3) of the FD&C Act in that it is a dietary supplement that appears to be misbranded within the meaning of Section 403(s)(2)(A) of the FD&C Act in that the dietary supplement label or labeling fails to list the name of each dietary ingredient of the supplement and the quantity of each such dietary ingredient or , with respect to a proprietary blend of such dietary ingredients, the total quantity of all dietary ingredients in the blend.","403(s)(2)(A),801(a)(3); MISBRANDING"
"3863","PLANT PART-3863","The article is subject to refusal of admission pursuant to Section 801(a)(3) of the FD&C Act in that it is a dietary supplement that appears to be misbranded within the meaning of Section 403(s)(2)(C) of the FD&C Act in that the supplement contains an herb or other botanical  described in section 201(ff)(1)(C), and the label or labeling of the supplement fails to identify any part of the plant from which the ingredient is derived.","403(s)(2)(C), 801(a)(3); MISBRANDING"
"3821","MFR INJ-3821","The article is subject to refusal of admission pursuant to Section 801(a)(3) of the Federal Food, Drug, and Cosmetic Act (the Act) in that such article appears to have been prepared, packed, or held under insanitary conditions whereby it may have been rendered injurious to health.","402(a)(4),801(a)(3); ADULTERATION"
"3851","TPLACKFIRM-3851","This article is subject to refusal of admission pursuant to section 801(a)(3) of the FD&C Act because it is a tobacco product in package form that appears to be misbranded under section 903(a)(2)(A) in that the label does not contain the name and place of business of the tobacco product manufacturer, packer or distributor.","903(a)(2)(A); 801(a)(3); MISBRANDING"
"3852","TPLACKSNC-3852","This article is subject to refusal of admission pursuant to section 801(a)(3) of the FD&C Act because  it is a tobacco product in package form that appears to be misbranded under section 903(a)(2)(B) in that the label does not provide an accurate statement of the quantity of contents in terms of weight, measure or numerical count.","903(a)(2)(B); 801(a)(3); MISBRANDING"
"3853","TPLKDOMFOR-3853","This article is subject to refusal of admission pursuant to section 801(a)(3) of the FD&C Act because it is a tobacco product in package form that appears to be misbranded under section 903(a)(2)(C) in that the label does not provide an accurate statement of the percentage of the tobacco used in the product that is domestically grown tobacco and the percentage foreign grown tobacco.","903(a)(2)(C); 801(a)(3); MISBRANDING"
"3854","TPLKUSSLLB-3854","This article is subject to refusal of admission pursuant to section 801(a)(3) of the FD&C Act because it is a tobacco product in package form that appears to be misbranded under section 903(a)(2)(D) in that the label does not provide the statement ?sale only allowed in United States? and the tobacco product is not subject to any exemptions or variations.","903(a)(2)(D); 801(a)(3); MISBRANDING"
"3855","TPFDA1LBLG-3855","This article is subject to refusal of admission pursuant to section 801(a)(3) of the FD&C Act because it is a tobacco product that appears to be misbranded under section 903(a)(1) in that the label or labeling is false or misleading because it conveys that the product is approved by the FDA.","903(a)(1); 801(a)(3); 301(tt)(1); MISBRANDING"
"3856","TPFDA2LBLG-3856","This article is subject to refusal of admission pursuant to section 801(a)(3) of the FD&C Act because it is a tobacco product that appears to be misbranded under section 903(a)(1) in that the label or labeling is false or misleading  because it conveys that the FDA deems the product to be safe for use by consumers.","903(a)(1); 801(a)(3); 301(tt)(2); MISBRANDING"
"3857","TPFDA3LBLG-3857","This article is subject to refusal of admission pursuant to section 801(a)(3) of the FD&C Act because it is a tobacco product that appears to be misbranded under 903(a)(1)  in that the label or labeling is false or misleading because it conveys that the product is endorsed by the FDA for use by consumers.","903(a)(1); 801(a)(3); 301(tt)(3); MISBRANDING"
"3858","TPFDA4ALBL-3858","This article is subject to refusal of admission pursuant to section 801(a)(3) of the FD&C Act because it is a tobacco product that appears to be misbranded under section 903(a)(1) in that  the label or labeling is false or misleading because it conveys that the product is safe or less harmful by virtue of its regulation or inspection by the FDA.","903(a)(1); 801(a)(3); 301(tt)(4)(A); MISBRANDING"
"3859","TPFDA4BLBL-3859","This article is subject to refusal of admission pursuant to section 801(a)(3) of the FD&C Act because it is a tobacco product that appears to be misbranded under 903(a)(1) in that  the label or labeling is false or misleading because it conveys that the product is safe or less harmful by virtue of its compliance with regulatory requirements set by the FDA.","903(a)(1); 801(a)(3); 301(tt)(4)(B); MISBRANDING"
"3845","DRG REF EI-3845","The article is subject to refusal of admission pursuant to Section 801(a)(3) in that the article of drug appears to be adulterated under Section 501(j) because it has been manufactured, processed, packed, or held in any factory, warehouse, or establishment and the owner, operator, or agent of such factory, warehouse, or establishment delays, denies, or limits an inspection, or refuses to permit entry or inspection.","801(a)(3), 501(j); ADULTERATION"
"3860","TP USERFEE-3860","This article is subject to refusal of admission pursuant to Section 801(a)(3) of the FD&C Act in that the tobacco product appears to be adulterated under Section 902(4) because the importer of the tobacco product failed to pay a user fee assessed to such importer pursuant to Section 919 by the date specified in Section 919 or by the 30th day after final agency action on a resolution of any dispute as to the amount of the fee.","902(4);801(a)(3); ADULTERATION"
"3861","CYCLAMATE-3861","The article is subject to refusal of admission pursuant to Section 801(a)(3) in that it appears to be adulterated because it appears to bear or contain an unsafe food additive that is unsafe within the meaning of Section 409.","801(a)(3)"
"3722","RXVETLACK-3722","The article appears to be a drug which requires a prescription from your doctor.","503(f)(4), 801(a)(3)"
"3723","RXVETLACK2-3723","The article appears to be a veterinary drug which requires but lacks the 'Caution' statement specified at Sec. 503(f)(4).","503(f)(4), 801(a)(3)"
"3724","DEVGMPS-3724","The article appears to be a device for which the methods, facilities, or controls used in, or the facilities or controls used for, its manufacture, packing, storage or installation do not conform to the requirements of Sec. 520(f) and any applicable variance under Sec. 520(f)(2).","520(f); 801(a)(1)"
"3725","NONCOMELT-3725","It appears that the article is an electronic product which fails to comply with one or more applicable standards prescribed under section 534.","534, 536(a)"
"3726","ELTNOCERT-3726","It appears that the article is an electronic product subject to a performance standard, and does not have affixed to it a certification in the form of a label or tag in conformity with section 534(h).","534, 536(a)"
"299","IMBED OBJT-299","The article appears to be a confectionary that has partially or completely imbedded therein any nonnutritive object.","402(d)(1), 801(a)(3); ADULTERATION"
"300","NONNUT SUB-300","The article appears to be confectionery and it bears or contains a nonnutritive substance.","402(d)(3), 801(a)(3); ADULTERATION"
"302","BUTTER-302","The article appears to be oleo/margarine or butter with raw materials consisting in whole or in part of a filthy, putrid, or decomposed substance or the article is otherwise be unfit for food.","402(e), 801(a)(3); ADULTERATION"
"304","STERILITY-304","The article appears to consist in whole or in part of any filthy, putrid, or decomposed substance.","501(a)(1), 801(a)(3); ADULTERATION"
"306","INSANITARY-306","The article appears to have been prepared, packed, or held under insanitary conditions whereby it may have become contaminated with filth, or whereby it may have been rendered injurious to health.","402(a)(4), 801(a)(3); ADULTERATION"
"308","MFR INSAN-308","The article is subject to refusal of admission pursuant to section 801(a)(1) in that the article appears to have been manufactured, processed, or packed under insanitary conditions.","801(a)(1); INSANITARY MANUFACTURING, PROCESSING OR PACKING"
"310","POISONOUS-310","The article is subject to refusal of admission pursuant Section 801(a)(3) in that The cosmetic appears to bear or contain a poisonous or deleterious substance which may render it injurious to users under the conditions prescribed in the labeling thereof, or, under such conditions of use as are customary or usual.  [Adulteration, Section 601(a)].
","601(a), 801(a)(3); ADULTERATION"
"312","FILTH-312","The cosmetic appears to consist in whole or in part of any filthy, putrid, or decomposed substance.","601(b), 801(a)(3); ADULTERATION"
"313","HELD INSAN-313","The cosmetic appears to have been prepared, packed, or held under insanitary conditions whereby it may have become contaminated with filth, or whereby it may have been rendered injurious to health.","601(c), 801(a)(3); ADULTERATION"
"314","CONTAINER-314","The container appears to be composed, in whole or in part, of a poisonous or deleterious substance which may render the contents injurious to health.","601(d), 801(a)(3); ADULTERATION"
"315","ADDED BULK-315","The food appears to have a substance added to, mixed or packed with it so as to increase its bulk or weight, or reduce its quality or strength, or make it appear better or of greater value than it is.","402(b)(4), 801(a)(3); ADULTERATION"
"316","***-316","The food appears to be, in whole or in part, the product of a diseased animal or of an animal which has died otherwise than be slaughter.","402(a)(5), 801(a)(3); ADULTERATION"
"318","VITAMN LBL-318","The food appears to be subject to section 411 and its advertising is false or misleading in a material respect or its labeling is in violation of section 411(b)(2).","403(a)(2), 801(a)(3); MISBRANDING"
"319","WRONG IDEN-319","The article is subject to refusal of admission pursuant to Section 801(a)(3) of the FD&CA in that it appears to be misbranded as defined in section 403(b) of the FD&CA.  The article appears to be offered for sale under the name of another food.","403(b), 801(a)(3); MISBRANDING"
"320","LACKS FIRM-320","The article is subject to refusal of admission pursuant to Section 801(a)(3) of the FD&C Act in that it appears to be misbranded within the meaning of Section 403(e)(1) of the FD&C Act in that the food is in package form and the label fails to bear the name and place of business of the manufacturer, packer, or distributor [Misbranded, Section 403 (e)(1)].
","403(e)(1), 801(a)(3); MISBRANDING"
"321","LACKS N/C-321","The article is subject to refusal of admission pursuant to Section 801(a)(3) of the FD&C Act in that it appears to be misbranded within the meaning of Section 403(e)(2) of the FD&C Act in that the food is in package form and the label fails to bear an accurate statement of the quantity of the contents in terms of weight, measure, or numerical count in accordance with Section 403(e)(2) of the FD&C Act.","403(e)(2), 801(a)(3); MISBRANDING"
"325","STD NAME-325","The article is subject to refusal of admission pursuant to Section 801(a)(3) of the FD&C Act in that it appears to be misbranded within the meaning of Section 403(g)(2) of the FD&C Act in that the article purports to be or is represented as a food for which a definition and standard of identity have been prescribed by regulations as provided under Section 401 of the FD&C Act and the article is not labeled with the name specified in the definition and standard, or the label does not bear the common names of optional ingredients (other than spices, flavoring and coloring) present in such food, insofar as may be required by such regulation.","403(g)(2), 801(a)(3); MISBRANDING"
"327","OPTION ING-327","It appears to be a food for which a definition and standard of identity have been prescribed by regulations under section 401 and appears to not be labelled with the common names of the optional ingredients specified therein.","403(g)(2), 801(a)(3); MISBRANDING"
"329","JUICE %-329","It appears the food is a beverage containing vegetable or fruit juice and does not bear a statement on the label in appropriate prominence on the information panel of the total percentage of such fruit or vegetable juice contained therein.","403(i)(2), 801(a)(3); MISBRANDING"
"330","UNSAFE COL-330","The article appears to be a color additive for the purposes of coloring only in or on drugs or devices, and is unsafe within the meaning of Section 721(a).","501(a)(4)(B), 801(a)(3); ADULTERATION"
"331","DR QUALITC-331","The drug appears to be represented as not being recognized in an official compendium and appears its strength differs from or its quality or purity falls below, that which it purports or is represented to possess.","501(c), 801(a)(3); ADULTERATION"
"332","CONTAINER-332","The container appears to be composed, in whole or in part, of a poisonous or deleterious substance which may render the contents injurious to health.","501(a)(3), 801(a)(3); ADULTERATION"
"333","LACKS FIRM-333","The article is in package form and appears to not bear a label containing the name and place of business of the manufacturer, packer, or distributor.","502(b)(1), 801(a)(3); MISBRANDING"
"335","LACKS N/C-335","The article is in package form and appears to not have a label containing an accurate statement of the quantity of the contents in terms of weight, measure or numerical count and no variations or exemptions have been prescribed by regs.","502(b)(2), 801(a)(3); MISBRANDING"
"336","INCONSPICU-336","Information required by the Act to be on the label or labeling does not appear to be conspicuous enough as to render it likely to be read and understood by the ordinary individual under customary conditions of purchase and use.","502(c), 801(a)(3); MISBRANDING"
"337","OFF ODOR-337","The article appears to consist in whole or in part of a filthy, putrid, or decomposed substance or be otherwise unfit for food. Contains an off odor.","402(a)(3), 801(a)(3); ADULTERATION"
"339","TAMPERING-339","It appears that the packing does not conform with current good manufacturing practices under 21 CFR 211.132 for tamper-resistant packaging.","501(a)(2)(B), 801(a)(3); ADULTERATION"
"341","REGISTERED-341","It appears the device is subject to listing under 510(j) and the initial distributor has not registered as required by 21 CFR 807.20 (a)(5).","502(o), 801(a)(3); MISBRANDING"
"342","PERSONALRX-342","The article appears to be a drug which requires a prescription from your doctor.","502(a) & (f)(1), 801(a)(3); MISBRANDING"
"343","VET LEGEND-343","The article appears to be a veterinary drug without the 'Caution' statement as required by Section 503(f)(4).","502(a) & (f)(1), 801(a)(3); MISBRANDING"
"344","WARNINGS-344","It appears to lack adequate warning against use in a pathological condition or by children where it may be dangerous to health or against an unsafe dose, method, administering duration, application, in manner/form, to protect users.","502(f)(2), 801(a)(3); MISBRANDING"
"346","REJECT TEA-346","The article is inferior in purity, quality, and fitness for consumption to the standards provided in section 43.TEA ACT REPEALED!","1 (21USC41); PROHIBITED TEA"
"469","DISEASED-469","The food appears to be, in whole or in part, the product of a diseased animal or of an animal which has died otherwise than by slaughter.","402(a)(5), 801(a)(3); ADULTERATION"
"471","CSTIC LBLG-471","The labeling appears to fail to comply with cosmetic labeling requirements of Section 602(a), and/or (b), and/or (c), and as identified by 21 C.F.R. Part 701.","602(a) and/or (b), and/or (c), 801(a)(3); MISBRANDING"
"472","NO ENGLISH-472","Required label or labeling appears to not be in English in violation of 21 C.F.R. 201.15(c)(1).","502(c); 801(a)(3) ;MISBRANDING"
"473","LABELING-473","The article appears in violation of FPLA because of its placement, form and/or contents statement.","Section 4(a); 801(a)(3) Misbranding"
"474","COSMETLBLG-474","It appears the label does not bear the common or usual name of the cosmetic.","5(c)(3)(A); 801(a)(3) Misbranding"
"475","COSMETLBLG-475","It appears that the cosmetic consists of two or more ingredients and the label does not list the common or usual name of each ingredient.","5(c)(3)(B); 801(a)(3) Misbranding"
"476","NO REGISTR-476","The article appears to be an electronic product that does not comply with an applicable standard as prescribed by Section 534 because no reporting has been provided as required by Section 537(b).","536(a); Failure to file initial report"
"477","HOLES-477","The quality of the article falls below that which it purports or is represented to possess, in that the devices contain defects/holes.","501(c); 801(a)(3) Adulteration"
"478","TISSUE-478","This human cell, tissue, and cellular and tissue-based product is in violation of Section 361 of the Public Health Service Act.","361"
"479","DV QUALITY-479","The article is subject to refusal of admission pursuant to Section 801(a)(3) in that it appears to be adulterated since its strength differs from, or its purity or quality falls below, that which it purports or is represented to possess.","501(c); 801(a)(3) Adulteration"
"480","STAINSTEEL-480","The article appears to be a device whose quality falls below that which it purports or is represented to possess, in that instrument is represented as stainless steel but does not meet requirements for such steel for surgical instruments.","501(c); 801(a)(3) Adulteration"
"481","LBL STEEL-481","The labeling for this article appears to be false or misleading: labeling suggests it is composed of stainless steel, but it doesn't meet standard requirements for the appropriate type of stainless steel.","502(a); 801(a)(3); Misbranding"
"482","NUTRIT LBL-482","The article appears to be misbranded in that the label or labeling fails to bear the required nutrition information.","403(q); 801(a)(3); Misbranding"
"483","DRUG NAME-483","The article appears to be a drug and fails to bear the proprietary or established name and/or name and quantity of each active ingredient.","502(e)(1); 801(a)(3); Misbranding"
"484","DV NAME-484","The article appears to be a device and its labeling fails to bear the proprietary or established name.","502(e)(2); 801(a)(3); Misbranding"
"487","SACCHARIN-487","The article contains Saccharin, a non-nutritive sweetner, and its label or labeling fails to bear the required warning statement.","403(o); 801(a)(3) Misbranded"
"488","HEALTH C-488","The article appears to be misbranded in that the label or labeling bears an unauthorized nutrient content/health claim.","801(a)(3); 403(r)(1)(A)/(B) misbranding"
"508","NO 510(K)-508","The article is subject to refusal of admission pursuant to Section 801(a)(3) in that it appears to be a post 1976 device for which a Section 510(k) application has not been determined substantially equivalent or a 510(k) has not been filed.","801(a)(3); 502(o) Misbranding"
"509","NONSTEEL-509","Labeling appears false or misleading or fails to bear adequate directions for use,because the article appears to be misrepresented as a disposable single use instrument when it is intended for use as a stainless steel multi-use instrument.","502(a) and/or 502(f)(1); Misbranding"
"2000","IMPTRHACCP-2000","The food appears to have been prepared, packed or held under insanitary conditions, or may have become injurious to health, due to the failure of the importer to provide verification of compliance pursuant to 21 CFR 123.12(d).","801(a)(3) , 402(a)(4)  Adulteration"
"2020","LBLG ADVER-2020","The art apprs misbranded because its lblg is misledg namely it fails to reveal facts (non-sterility) that are material w/respect to consequences frm the use of the art accordg to lblg or advertisg or undercondtns of customary or usual use","502(a), 201(n) and 801(a)(3) Misbranding"
"2040","SULFITELBL-2040","The article is subject to refusal of admission pursuant to section 801(a)(3) in that it appears to be misbranded because 1) it appears to contain sulfites but the label fails to declare the presence of sulfites, a fact material to sulfite-sensitive individuals who must avoid the ingredient due to potential health consequences from its consumption, and 2) it appears the food is fabricated from two or more ingredients and the label does not list the common or usual name of each ingredient.","403(a)(1), 801(a)(3) ;MISBRANDING"
"3601","IMITN DR-3601","The article is subject to refusal of admission pursuant to Section 801(a)(3) in that it appears to be an imitation of another drug.  The artice resembles:

 

","502(i) (2), 801(a)(3); MISBRANDING"
"3602","DR PACKGNG-3602","The article is subject to refusal of admission pursuant to Section 801(a)(3) in that the article appears to be a drug and its container is so made, formed, or filled as to be misleading","502(i) (1), 801(a)(3); MISBRANDING"
"3603","OTHER DRUG-3603","The article is subject to refusal of admission pursuant to Section 801(a)(3) in that the article is a drug and if it is offered for sale under the name of another drug.","502(i) (3), 801(a)(3); MISBRANDING"
"3701","ALRGN402A4-3701","it appears to be adulterated within the meaning of section 402(a)(4) because it appears that the food was prepared, packed, or held under insanitary conditions whereby it may have been rendered injurious to health, specifically because the food appears to contain a major food allergen through insanitary conditions that led to cross-contact.","801(a)(3); 402(a)4; Adulterated"
